{
	"format_version": "1.12.0",
	"minecraft:geometry": [
		{
			"description": {
				"identifier": "geometry.infuser",
				"texture_width": 64,
				"texture_height": 64,
				"visible_bounds_width": 3,
				"visible_bounds_height": 3.5,
				"visible_bounds_offset": [0, 1.25, 0]
			},
			"bones": [
				{
					"name": "pedestal",
					"pivot": [0, 0, 0],
					"cubes": [
						{
							"origin": [-7, 16, -7],
							"size": [14, 1, 14],
							"uv": {
								"north": {"uv": [33, 16], "uv_size": [14, 1]},
								"east": {"uv": [33, 16], "uv_size": [14, 1]},
								"south": {"uv": [33, 16], "uv_size": [14, 1]},
								"west": {"uv": [33, 16], "uv_size": [14, 1]},
								"up": {"uv": [47, 17], "uv_size": [-14, 14]},
								"down": {"uv": [47, 31], "uv_size": [-14, -14]}
							}
						},
						{
							"origin": [-8, 0, -8],
							"size": [16, 2, 16],
							"uv": {
								"north": {"uv": [32, 46], "uv_size": [16, 2]},
								"east": {"uv": [32, 46], "uv_size": [16, 2]},
								"south": {"uv": [32, 46], "uv_size": [16, 2]},
								"west": {"uv": [32, 46], "uv_size": [16, 2]},
								"up": {"uv": [48, 48], "uv_size": [-16, -16]},
								"down": {"uv": [48, 48], "uv_size": [-16, -16]}
							}
						},
						{
							"origin": [-8, 14, -8],
							"size": [16, 2, 16],
							"uv": {
								"north": {"uv": [32, 32], "uv_size": [16, 2]},
								"east": {"uv": [32, 32], "uv_size": [16, 2]},
								"south": {"uv": [32, 32], "uv_size": [16, 2]},
								"west": {"uv": [32, 32], "uv_size": [16, 2]},
								"up": {"uv": [48, 48], "uv_size": [-16, -16]},
								"down": {"uv": [48, 48], "uv_size": [-16, -16]}
							}
						},
						{
							"origin": [-6, 2, -6],
							"size": [12, 12, 12],
							"uv": {
								"north": {"uv": [34, 50], "uv_size": [12, 12]},
								"east": {"uv": [34, 50], "uv_size": [12, 12]},
								"south": {"uv": [34, 50], "uv_size": [12, 12]},
								"west": {"uv": [34, 50], "uv_size": [12, 12]},
								"up": {"uv": [46, 62], "uv_size": [-12, -12]},
								"down": {"uv": [46, 62], "uv_size": [-12, -12]}
							}
						},
						{
							"origin": [-7, 8, -7],
							"size": [14, 2, 14],
							"uv": {
								"north": {"uv": [33, 32], "uv_size": [14, 2]},
								"east": {"uv": [33, 32], "uv_size": [14, 2]},
								"south": {"uv": [33, 32], "uv_size": [14, 2]},
								"west": {"uv": [33, 32], "uv_size": [14, 2]},
								"up": {"uv": [47, 47], "uv_size": [-14, -14]},
								"down": {"uv": [47, 47], "uv_size": [-14, -14]}
							}
						},
						{
							"origin": [-8, 4, -4],
							"size": [8, 8, 8],
							"uv": {
								"north": {"uv": [48, 0], "uv_size": [16, 16]},
								"east": {"uv": [48, 48], "uv_size": [16, 16]},
								"south": {"uv": [48, 32], "uv_size": [16, 16]},
								"west": {"uv": [48, 16], "uv_size": [16, 16]},
								"up": {"uv": [48, 16], "uv_size": [-16, -16]},
								"down": {"uv": [48, 16], "uv_size": [-16, -16]}
							}
						},
						{
							"origin": [0, 4, -4],
							"size": [8, 8, 8],
							"uv": {
								"north": {"uv": [48, 0], "uv_size": [16, 16]},
								"east": {"uv": [48, 48], "uv_size": [16, 16]},
								"south": {"uv": [48, 32], "uv_size": [16, 16]},
								"west": {"uv": [48, 16], "uv_size": [16, 16]},
								"up": {"uv": [48, 16], "uv_size": [-16, -16]},
								"down": {"uv": [48, 16], "uv_size": [-16, -16]}
							}
						},
						{
							"origin": [-4, 4, -8],
							"size": [8, 8, 8],
							"uv": {
								"north": {"uv": [48, 0], "uv_size": [16, 16]},
								"east": {"uv": [48, 48], "uv_size": [16, 16]},
								"south": {"uv": [48, 32], "uv_size": [16, 16]},
								"west": {"uv": [48, 16], "uv_size": [16, 16]},
								"up": {"uv": [48, 16], "uv_size": [-16, -16]},
								"down": {"uv": [48, 16], "uv_size": [-16, -16]}
							}
						},
						{
							"origin": [-4, 4, 0],
							"size": [8, 8, 8],
							"uv": {
								"north": {"uv": [48, 0], "uv_size": [16, 16]},
								"east": {"uv": [48, 48], "uv_size": [16, 16]},
								"south": {"uv": [48, 32], "uv_size": [16, 16]},
								"west": {"uv": [48, 16], "uv_size": [16, 16]},
								"up": {"uv": [48, 16], "uv_size": [-16, -16]},
								"down": {"uv": [48, 16], "uv_size": [-16, -16]}
							}
						}
					]
				},
				{
					"name": "matrix",
					"pivot": [0, 30, 0],
					"cubes": [
						{
							"origin": [-6, 24, -6],
							"size": [5, 5, 5],
							"inflate": 0.25,
							"uv": {
								"north": {"uv": [14, 0], "uv_size": [7, 7]},
								"east": {"uv": [14, 0], "uv_size": [7, 7]},
								"south": {"uv": [14, 0], "uv_size": [7, 7]},
								"west": {"uv": [14, 0], "uv_size": [7, 7]},
								"up": {"uv": [21, 7], "uv_size": [-7, -7]},
								"down": {"uv": [21, 7], "uv_size": [-7, -7]}
							}
						},
						{
							"origin": [-5, 25, -5],
							"size": [10, 10, 10],
							"uv": {
								"north": {"uv": [0, 0], "uv_size": [14, 14]},
								"east": {"uv": [0, 0], "uv_size": [14, 14]},
								"south": {"uv": [0, 0], "uv_size": [14, 14]},
								"west": {"uv": [0, 0], "uv_size": [14, 14]},
								"up": {"uv": [14, 14], "uv_size": [-14, -14]},
								"down": {"uv": [14, 14], "uv_size": [-14, -14]}
							}
						},
						{
							"origin": [1, 24, 1],
							"size": [5, 5, 5],
							"inflate": 0.25,
							"uv": {
								"north": {"uv": [14, 0], "uv_size": [7, 7]},
								"east": {"uv": [14, 0], "uv_size": [7, 7]},
								"south": {"uv": [14, 0], "uv_size": [7, 7]},
								"west": {"uv": [14, 0], "uv_size": [7, 7]},
								"up": {"uv": [21, 7], "uv_size": [-7, -7]},
								"down": {"uv": [21, 7], "uv_size": [-7, -7]}
							}
						},
						{
							"origin": [1, 24, -6],
							"size": [5, 5, 5],
							"inflate": 0.25,
							"uv": {
								"north": {"uv": [14, 0], "uv_size": [7, 7]},
								"east": {"uv": [14, 0], "uv_size": [7, 7]},
								"south": {"uv": [14, 0], "uv_size": [7, 7]},
								"west": {"uv": [14, 0], "uv_size": [7, 7]},
								"up": {"uv": [21, 7], "uv_size": [-7, -7]},
								"down": {"uv": [21, 7], "uv_size": [-7, -7]}
							}
						},
						{
							"origin": [1, 31, -6],
							"size": [5, 5, 5],
							"inflate": 0.25,
							"uv": {
								"north": {"uv": [14, 0], "uv_size": [7, 7]},
								"east": {"uv": [14, 0], "uv_size": [7, 7]},
								"south": {"uv": [14, 0], "uv_size": [7, 7]},
								"west": {"uv": [14, 0], "uv_size": [7, 7]},
								"up": {"uv": [21, 7], "uv_size": [-7, -7]},
								"down": {"uv": [21, 7], "uv_size": [-7, -7]}
							}
						},
						{
							"origin": [1, 31, 1],
							"size": [5, 5, 5],
							"inflate": 0.25,
							"uv": {
								"north": {"uv": [14, 0], "uv_size": [7, 7]},
								"east": {"uv": [14, 0], "uv_size": [7, 7]},
								"south": {"uv": [14, 0], "uv_size": [7, 7]},
								"west": {"uv": [14, 0], "uv_size": [7, 7]},
								"up": {"uv": [21, 7], "uv_size": [-7, -7]},
								"down": {"uv": [21, 7], "uv_size": [-7, -7]}
							}
						},
						{
							"origin": [-6, 31, -6],
							"size": [5, 5, 5],
							"inflate": 0.25,
							"uv": {
								"north": {"uv": [14, 0], "uv_size": [7, 7]},
								"east": {"uv": [14, 0], "uv_size": [7, 7]},
								"south": {"uv": [14, 0], "uv_size": [7, 7]},
								"west": {"uv": [14, 0], "uv_size": [7, 7]},
								"up": {"uv": [21, 7], "uv_size": [-7, -7]},
								"down": {"uv": [21, 7], "uv_size": [-7, -7]}
							}
						},
						{
							"origin": [-6, 31, 1],
							"size": [5, 5, 5],
							"inflate": 0.25,
							"uv": {
								"north": {"uv": [14, 0], "uv_size": [7, 7]},
								"east": {"uv": [14, 0], "uv_size": [7, 7]},
								"south": {"uv": [14, 0], "uv_size": [7, 7]},
								"west": {"uv": [14, 0], "uv_size": [7, 7]},
								"up": {"uv": [21, 7], "uv_size": [-7, -7]},
								"down": {"uv": [21, 7], "uv_size": [-7, -7]}
							}
						},
						{
							"origin": [-6, 24, 1],
							"size": [5, 5, 5],
							"inflate": 0.25,
							"uv": {
								"north": {"uv": [14, 0], "uv_size": [7, 7]},
								"east": {"uv": [14, 0], "uv_size": [7, 7]},
								"south": {"uv": [14, 0], "uv_size": [7, 7]},
								"west": {"uv": [14, 0], "uv_size": [7, 7]},
								"up": {"uv": [21, 7], "uv_size": [-7, -7]},
								"down": {"uv": [21, 7], "uv_size": [-7, -7]}
							}
						}
					]
				}
			]
		}
	]
}