{
  "sources": [
    {
      "type": "paletted_permutations",
      "textures": [
        "thaumia:trims/models/armor/warped_trim",
        "thaumia:trims/models/armor/warped_trim_leggings",
        "thaumia:trims/models/armor/thaumic_trim",
        "thaumia:trims/models/armor/thaumic_trim_leggings",
        "thaumia:trims/models/armor/full",
        "thaumia:trims/models/armor/full_leggings",
        "thaumia:trims/models/armor/full_netherite",
        "thaumia:trims/models/armor/full_netherite_leggings",
        "thaumia:trims/models/armor/thaumia_armor",
        "thaumia:trims/models/armor/thaumia_armor_leggings",
        "thaumia:trims/models/armor/ally_armor_trim",
        "thaumia:trims/models/armor/ally_armor_trim_leggings"
      ],
      "palette_key": "trims/color_palettes/trim_palette",
      "permutations": {
        "quartz": "trims/color_palettes/quartz",
        "iron": "trims/color_palettes/iron",
        "gold": "trims/color_palettes/gold",
        "diamond": "trims/color_palettes/diamond",
        "netherite": "trims/color_palettes/netherite",
        "redstone": "trims/color_palettes/redstone",
        "copper": "trims/color_palettes/copper",
        "emerald": "trims/color_palettes/emerald",
        "lapis": "trims/color_palettes/lapis",
        "amethyst": "trims/color_palettes/amethyst",
        "iron_darker": "trims/color_palettes/iron_darker",
        "gold_darker": "trims/color_palettes/gold_darker",
        "diamond_darker": "trims/color_palettes/diamond_darker",
        "netherite_darker": "trims/color_palettes/netherite_darker"
      }
    }
  ]
}